<?xml version="1.0" encoding="UTF-8"?>
<project-private xmlns="http://www.netbeans.org/ns/project-private/1">
    <editor-bookmarks xmlns="http://www.netbeans.org/ns/editor-bookmarks/2" lastBookmarkId="1">
        <file>
            <url>src/java/controller/ClientOrderStatusDisplay.java</url>
            <bookmark id="1">
                <name/>
                <line>56</line>
                <key/>
            </bookmark>
        </file>
    </editor-bookmarks>
    <open-files xmlns="http://www.netbeans.org/ns/projectui-open-files/2">
        <group>
            <file>file:/C:/Users/User/OneDrive/Documents/NetBeansProjects/GUI_ASSIGNMENT/web/View/Client/homeUser.jsp</file>
            <file>file:/C:/Users/User/OneDrive/Documents/NetBeansProjects/GUI_ASSIGNMENT/web/View/Client/PaymentHistory.jsp</file>
        </group>
    </open-files>
</project-private>
